id,area,domain,section,verification,derives_from,statement
PLX-PRIN-001,PRIN,Foundational principles,§1,"T, D","§1.4, §13","The platform MUST NOT require a user to perform any manual action whose sole purpose is to preserve context for their own future return. Saving, snapshotting, pinning, bookmarking and summarising for continuity purposes MUST be automatic."
PLX-PRIN-002,PRIN,Foundational principles,§1,T,"§4, §59","The platform MUST preserve context independently of the applications that produced it. Removal, replacement or deprecation of a Connector MUST NOT destroy previously captured context, relationships or history relating to Objects sourced through it."
PLX-PRIN-003,PRIN,Foundational principles,§1,I,"§1.3, §76",The platform MUST NOT position itself as a replacement for specialist applications. Native applications MUST be justified against the build-vs-integrate test in §76 and the justification recorded in an Architecture Decision Record.
PLX-PRIN-004,PRIN,Foundational principles,§4,T,"§4 (implied), new","Context, relationships, decisions and history MUST be exportable in a documented, machine-readable, vendor-neutral format sufficient to reconstruct organisational memory outside Plexi."
PLX-PRIN-005,PRIN,Foundational principles,§4,"A, I","§4, §55","The platform MUST NOT make context durability contingent on a specific AI model, vendor or version. Withdrawal of any model provider MUST NOT invalidate previously stored context, relationships or decisions."
PLX-PRIN-006,PRIN,Foundational principles,§7,I,§7,"Every feature design MUST record, at design review, which of the ten design principles it advances and which it places under tension. Designs placing a principle under tension MUST record the mitigation."
PLX-PRIN-007,PRIN,Foundational principles,§7,"T, D","§7.9, §24","Every user-visible AI recommendation MUST be accompanied by machine-retrievable evidence consisting of references to specific Objects, Events, Decisions or Relationships. A recommendation for which no such evidence exists MUST NOT be displayed."
PLX-PRIN-008,PRIN,Foundational principles,§7,D,"§7.8, §23","Every inferred Relationship, Context Health transition and Resume assertion MUST be traceable by the user to the Events that produced it, through no more than three interactions from the point of display."
PLX-PRD-001,PRD,Product model,§10,T,"§10, §44 R1",Every Object MUST belong to exactly one owning Desk.
PLX-PRD-002,PRD,Product model,§10,"T, D","§10.2, §21","A Desk MUST persist its complete visual layout, including Object positions, sizes, z-order, scroll positions, selections and zoom level, and MUST restore it on reopen."
PLX-PRD-003,PRD,Product model,§10,T,"§10.3, new","Desk archetype MUST be a mutable attribute. Changing archetype MUST NOT require data migration, MUST NOT alter Object ownership, and MUST emit a DeskArchetypeChanged Event."
PLX-PRD-004,PRD,Product model,§10,T,§10.4,Desk state transitions MUST follow the state machine in §10.4. Invalid transitions MUST be rejected with a machine-readable error identifying the attempted and permitted transitions.
PLX-PRD-005,PRD,Product model,§10,T,"§10.4, §44 R5","Archiving or moving a Desk to Historical MUST NOT delete Events, Relationships or Decisions, and MUST NOT remove the Desk from search for users holding read permission."
PLX-PRD-006,PRD,Product model,§10,"T, D","§19, §33","A Desk MUST carry an explicit, user-editable Current Objective. Where absent, the platform MUST prompt for one and MAY propose a draft derived from Desk activity; a proposed objective MUST be marked as unconfirmed until a user accepts it."
PLX-PRD-010,PRD,Product model,§11,"I, T","§11, §34","All Object types MUST use the universal Object schema (§34). Type-specific data MUST be carried in the typed payload, not by extending the base schema."
PLX-PRD-011,PRD,Product model,§11,T,"§11.3, §83","The Object type registry MUST be extensible at runtime without redeployment of the Object Service, and extension-registered types MUST receive identical permission, event, versioning and Context Health handling to built-in types."
PLX-PRD-012,PRD,Product model,§11,T,"§11.4, §44 R5","Deletion of an Object MUST remove it from default visibility and search results while retaining its Events, Relationships and version history."
PLX-PRD-013,PRD,Product model,§11,"D, I","§11.4, new","The platform MUST present users with an accurate, plain-language statement of what deletion does and does not remove, at the point of deletion."
PLX-PRD-014,PRD,Product model,§11,"T, A","§11.2, §54","Every Object MUST carry semantic embeddings maintained within PLX-PERF-020 of a content-changing Event, or be explicitly excluded from semantic indexing by policy with the exclusion recorded."
PLX-PRD-020,PRD,Product model,§12,T,"§12, new","Cognitive Context values MUST be labelled with their acquisition method: declared (user-stated), inferred (model-derived), or absent."
PLX-PRD-021,PRD,Product model,§12,"T, D","§12, new",Inferred Cognitive Context MUST carry a confidence score and MUST be visually distinguished from declared Cognitive Context wherever displayed.
PLX-PRD-022,PRD,Product model,§12,"T, D","§12, new",Inferred Cognitive Context below the platform confidence threshold MUST NOT be displayed as an assertion. It MAY be offered as a question to the user.
PLX-PRD-023,PRD,Product model,§12,D,"§12, §40","The platform MUST provide a low-friction affordance for a user to declare their current question and expected next action, and MUST NOT require it."
PLX-PRD-030,PRD,Product model,§13,"I, D",§13.2,Workspace Memory capture MUST be automatic. The platform MUST NOT expose any user action whose function is to save context.
PLX-PRD-031,PRD,Product model,§13,T,"§13.3, new","A Session snapshot MUST be written on Desk exit, on session timeout, and at intervals not exceeding 60 seconds during active work, so that context survives unexpected client termination."
PLX-PRD-032,PRD,Product model,§13,T,"§13.4, §49","Context compression MUST NOT delete, alter or render unreadable any Event in the Event Store. Compression MUST produce a derived summary artefact that references the compressed Events by identifier."
PLX-PRD-033,PRD,Product model,§13,"T, D","§13.4, §23",Every compressed summary MUST be expandable to the underlying Event set on user request.
PLX-PRD-034,PRD,Product model,§13,"T, I",§66,"Memory layers (§66) MUST carry independent, tenant-configurable retention policies, and retention policy application MUST emit an auditable Event."
PLX-PRD-040,PRD,Product model,§14,"T, D","§14, §52",Resume generation MUST be continuous and automatic. The platform MUST NOT require a user to request a Resume.
PLX-PRD-041,PRD,Product model,§14,T,"§14, §7.9",Every Resume assertion MUST carry references to the Events that support it.
PLX-PRD-042,PRD,Product model,§14,"T, D",§39,"Resume Objects MUST be versioned and comparable, so that a user can diff the current understanding against any prior Resume for the same Desk."
PLX-PRD-043,PRD,Product model,§14,"T, A","§14.2, new","Estimated catch-up time MUST be presented with an accuracy qualifier, and its calibration MUST be tracked as PLX-MET-003."
PLX-PRD-044,PRD,Product model,§14,"T, D","§14, §7.10","Where the Resume Engine has insufficient signal to produce a confident summary, it MUST state that plainly rather than emitting a low-confidence narrative."
PLX-PRD-050,PRD,Product model,§15,T,"§15.3, §36, §44 R3","Every Relationship MUST carry provenance: discovery method, creating actor or system, evidence references, and confidence."
PLX-PRD-051,PRD,Product model,§15,T,"§15.2, §36","AI-discovered Relationships MUST be stored as provisional and MUST NOT influence Context Health, Resume content or permission evaluation until confirmed by a user or until confidence exceeds the configured tenant threshold."
PLX-PRD-052,PRD,Product model,§15,T,"§36, new",Promotion of a provisional Relationship to confirmed by threshold MUST emit a RelationshipConfirmed Event recording the threshold and the confidence at promotion.
PLX-PRD-053,PRD,Product model,§15,D,§6.8,The platform MUST NOT require a user to manually construct graph structure in order to receive relationship-derived intelligence.
PLX-PRD-060,PRD,Product model,§16,T,"§16.2, §44 R1",Sharing an Object into an additional Desk MUST NOT change its owning Desk.
PLX-PRD-061,PRD,Product model,§16,T,"§16, §44 R6, new","Where an Object appears in multiple Desks with differing permissions, the most restrictive applicable permission MUST govern for a given user."
PLX-PRD-062,PRD,Product model,§16,D,"§16.1, new","The synchronisation mode of a shared Object MUST be visible to every user who can see the Object, so that no user edits a Snapshot believing it is a Live Reference."
PLX-PRD-063,PRD,Product model,§16,T,"§16.1, new","Federated Objects MUST record all owners explicitly, and a change of the owner set MUST emit an Event and require approval from the existing owner set per tenant policy."
PLX-PRD-070,PRD,Product model,§17,T,"§17.2, §44 R6","Cross-Desk awareness statements MUST be permission-filtered per recipient. A statement MUST NOT be rendered if doing so would disclose the existence, name, or attributes of an Object, Desk or Decision the recipient is not permitted to know exists."
PLX-PRD-071,PRD,Product model,§17,"T, I","§17.2, new","Where a cross-Desk dependency exists but the recipient lacks permission to see its subject, the platform MUST either suppress the statement entirely or render a permission-safe form that discloses no protected attribute, according to tenant policy. The chosen behaviour MUST be configurable and auditable."
PLX-PRD-072,PRD,Product model,§17,T,"§17.3, new","Departure of a user (deactivation) MUST NOT remove Objects, Decisions, Relationships or Events they authored, and MUST trigger an ownership reassignment workflow for Objects they owned."
PLX-UX-001,UX,User experience,§18,I,"§18, §6","Every feature proposal MUST state, at design review, the cognitive load it removes. A proposal that adds capability without removing load MUST be explicitly justified against §6 Philosophy 1 and recorded."
PLX-UX-010,UX,User experience,§19,D,§19.1,"The active Desk identity MUST be visible at all times in every view, without user action, including full-screen Object views."
PLX-UX-011,UX,User experience,§19,D,§19.2,The Desk Current Objective MUST be visible or retrievable in a single interaction from any view within the Desk.
PLX-UX-012,UX,User experience,§19,"T, D",§19.3,Changes since the user's last review MUST be available on Desk open without the user performing any investigative action.
PLX-UX-013,UX,User experience,§19,"T, D",§19.4,"Ordering of changes presented to the user MUST be by materiality score (§80), not chronology. Chronological ordering MUST be available as an explicit alternative view."
PLX-UX-014,UX,User experience,§19,"T, D",§19.5,"Every Desk MUST present a Suggested Next Action derived from evidence, or explicitly state that no action is recommended. It MUST NOT present a fabricated or filler suggestion."
PLX-UX-015,UX,User experience,§19,D,"§19.6, §7","Every recommendation, Context Health transition and Resume assertion MUST expose its evidence within one interaction from the point of display."
PLX-UX-020,UX,User experience,§20,T,§20.1,"Context Health MUST be evaluated per (user, Object) pair, relative to that user's last review point."
PLX-UX-021,UX,User experience,§20,T,"§20, §51","Context Health transitions MUST be driven by materiality score (§80), not by raw change detection. A non-material change MUST NOT produce an Attention Required transition."
PLX-UX-022,UX,User experience,§20,"T, A","§20.5, §80","Context Health MUST propagate across confirmed Relationships. Propagation depth MUST be bounded by configuration, and the bound MUST be recorded in the propagation Event so that truncation is visible rather than silent."
PLX-UX-023,UX,User experience,§20,T,"§20.3, new",Presence (Live Activity) MUST be modelled orthogonally to Context Health state and MUST NOT overwrite an Attention Required or Decision Risk state.
PLX-UX-024,UX,User experience,§20,T,"§20, §7","Every Context Health transition MUST record the triggering Event, the materiality score, and the propagation path, and this record MUST be retrievable by the user (PLX-UX-015)."
PLX-UX-025,UX,User experience,§20,T,"§20.3, §37",Transition to Decision Risk MUST identify the specific Decision or Decisions at risk and the specific change believed to invalidate them. A Decision Risk state without a named Decision MUST NOT be raised.
PLX-UX-030,UX,User experience,§21,"T, D","§21.2, §21.3","The platform MUST NOT reposition, resize or reflow user-placed Objects on a Desk without explicit user action, except where required by a viewport change, and MUST restore the user's canonical layout when the original viewport is restored."
PLX-UX-031,UX,User experience,§21,"T, D",§21.2,"Desk restoration MUST restore layout, scroll positions, window states, open conversations, selected Objects, AI discussions and active workflows to the state recorded in the most recent Session snapshot."
PLX-UX-032,UX,User experience,§21,T,"§21, new","Layout MUST be persisted per (user, Desk, device class), so that a user's desktop arrangement is not overwritten by their mobile or multi-monitor arrangement."
PLX-UX-033,UX,User experience,§21,D,"§21, new","Where layout cannot be fully restored (for example, an Object has been deleted or permission revoked), the platform MUST indicate what could not be restored rather than silently omitting it."
PLX-UX-040,UX,User experience,§22,T,"§22.3, §54",Search results MUST be ranked with the active Desk as a ranking input. The same query issued from two different Desks MUST be permitted to produce different orderings.
PLX-UX-041,UX,User experience,§22,T,"§54, §44 R6","Search MUST apply permission filtering as the first stage of the ranking pipeline, before any relevance computation, and MUST NOT disclose the existence of non-permitted results through result counts, pagination totals or ranking artefacts."
PLX-UX-042,UX,User experience,§26,A,"§6.7, §26, new",Interruptive notification volume per active user MUST be instrumented and reported per release as a regression metric.
PLX-UX-043,UX,User experience,§26,"T, I","§26.2, new",Every notification emitted MUST record the escalation layer it entered at and the trigger that escalated it. Notifications emitted without a recorded escalation trigger MUST be treated as defects.
PLX-UX-044,UX,User experience,§26,T,"§26.1, new",The Security category MUST be exempt from user-configurable suppression. All other categories MUST be user-suppressible.
PLX-UX-045,UX,User experience,§26,D,"§26, new","A user MUST be able to view, in one place, every signal the platform chose *not* to escalate to them in a given period, so that suppression remains inspectable rather than opaque."
PLX-UX-050,UX,User experience,§23,"T, D",§23,"Every Desk open MUST present a Resume Card. Where no changes have occurred, it MUST state so explicitly rather than rendering empty."
PLX-UX-051,UX,User experience,§23,D,§23.2,The disclosure path Summary → Details → Evidence → History → Raw Events MUST be complete and navigable for every Resume assertion.
PLX-UX-052,UX,User experience,§23,"D, I","§23.1, §55","The Resume Card MUST display a confidence score, and the meaning of the score MUST be documented in-product in plain language."
PLX-UX-060,UX,User experience,§24,T,"§24.3, §7.9",Every AI recommendation presented to a user MUST carry all eight fields of §24.3. A recommendation missing evidence MUST NOT be displayed.
PLX-UX-061,UX,User experience,§24,"T, D",§24.2,"AI MUST obtain explicit user confirmation before any action that mutates an Object, changes a permission, sends an external communication, or incurs cost above the tenant-configured threshold."
PLX-UX-062,UX,User experience,§24,"T, D","§24, §70, new",AI-generated content MUST be visually and programmatically distinguishable from human-authored content at every point of display and in every export.
PLX-UX-063,UX,User experience,§24,"A, I","§24.3, new","Confidence scores presented to users MUST be derived from a documented, calibrated methodology. Uncalibrated model self-report MUST NOT be surfaced as a confidence score."
PLX-UX-070,UX,User experience,§25,T,"§25.1, §44 R6",Presence information MUST be permission-scoped. A user MUST NOT be shown the presence of another user on an Object they cannot themselves see.
PLX-UX-071,UX,User experience,§25,"T, D",§25.2,"Change communication MUST be expressed in terms of consequence where consequence is derivable, and MUST fall back to factual activity description where it is not. It MUST NOT fabricate consequence."
PLX-UX-072,UX,User experience,§25,"T, I","§25.1, new","Presence data MUST be treated as personal data with a defined, tenant-configurable retention period, and MUST NOT be retained in the Event Store beyond that period in identifiable form."
PLX-UX-080,UX,User experience,§28,"T, D",§28,"Resume review and Decision approval MUST be fully functional on mobile, including evidence disclosure to at least the Evidence level of §23.2."
PLX-UX-081,UX,User experience,§28,T,"§28, §21",Mobile MUST NOT be required to render or restore the spatial Canvas layout. Mobile layout state MUST NOT overwrite desktop layout state (PLX-UX-032).
PLX-UX-082,UX,User experience,§28,"T, D","§28, §44 R1","Objects captured on mobile MUST be attributed to a Desk at capture time, with a user-configurable default capture Desk."
PLX-UX-085,UX,User experience,§82,T,"§82, §25",Collaborative Resume content MUST be permission-filtered per viewing user at render time (PLX-RES-004).
PLX-UX-086,UX,User experience,§82,"I, T","§82, new","Team awareness data MUST NOT be aggregated into individual activity reports without explicit tenant configuration, subject to PLX-SEC-033."
PLX-UX-090,UX,User experience,§29,"I, T",§29,"No Context, Relationship, Decision or Resume data MUST be stored in a presentation-specific form. Presentation state (layout, viewport, device class) MUST be stored separately from semantic state."
PLX-UX-091,UX,User experience,§29,"T, I","§29, §84","Every capability exposed through the primary interface MUST be reachable through the public API (§63), so that alternative interfaces are first-class rather than privileged."
PLX-A11Y-001,A11Y,Accessibility,§27,"T, D, I",§27,The platform MUST conform to WCAG 2.2 Level AA. Conformance MUST be verified per release against the published success criteria.
PLX-A11Y-002,A11Y,Accessibility,§27,"T, D",§27,"Every function MUST be operable by keyboard alone, with a visible focus indicator and no keyboard trap."
PLX-A11Y-003,A11Y,Accessibility,§27,"T, D","§27, new","The spatial Canvas MUST provide an equivalent non-spatial, linear, screen-reader-navigable representation of Desk contents, structure and Object relationships."
PLX-A11Y-004,A11Y,Accessibility,§27,"T, D",§27,"Context Health states MUST be distinguishable without reliance on colour, using shape, text, or iconography in addition to colour."
PLX-A11Y-005,A11Y,Accessibility,§27,"T, D",§27,"The platform MUST honour prefers-reduced-motion and provide an in-product reduced-motion setting that suppresses non-essential animation, including Canvas transitions and presence animation."
PLX-A11Y-006,A11Y,Accessibility,§27,"T, D",§27,"Interface text and layout MUST remain functional at 200% zoom and at user-configured text scaling, without loss of content or functionality."
PLX-A11Y-007,A11Y,Accessibility,§27,D,"§27, §28","Voice interaction, dictation and transcription MUST be available for Resume review, Decision approval and Object capture."
PLX-A11Y-008,A11Y,Accessibility,§27,I,"§27, §74",Accessibility review MUST be a blocking item in the Definition of Done (§74). A feature MUST NOT be marked done with an open Level AA defect.
PLX-DOM-001,DOM,Domain model,§30,I,§30,"Every persisted concept MUST be expressible through the entities defined in Part IV. Introduction of a new persisted concept MUST proceed by amendment to this Part, not by ad-hoc storage."
PLX-DOM-002,DOM,Domain model,§30,"I, A","§30, new","No service MUST persist domain state outside the entity model, including in caches used as systems of record, in blob metadata, or in message payloads treated as durable."
PLX-DOM-010,DOM,Domain model,§32,"T, I","§32, new","Entity identifiers MUST be UUIDv7. Identifiers MUST be generable client-side without coordination, so that offline creation and later reconciliation are possible without renumbering."
PLX-DOM-011,DOM,Domain model,§32,"T, I","§32, §69","Every entity MUST carry organisationId. Every data-access path MUST filter on organisationId at the persistence layer, not solely in application code."
PLX-DOM-012,DOM,Domain model,§32,T,"§32, new",Every entity MUST carry schemaVersion. Readers MUST tolerate unknown fields and MUST be able to upcast prior schema versions.
PLX-DOM-013,DOM,Domain model,§32,"I, T","§32, new","relationships and eventHistory on BaseEntity are materialised references, not the system of record. The authoritative sources are the Graph Engine and Event Store respectively. Writers MUST NOT treat these fields as authoritative."
PLX-DOM-014,DOM,Domain model,§32,T,"§32, §70, new",aiMetadata.provenance MUST be set on every entity at creation and MUST NOT be downgraded from ai_generated to human by any subsequent operation.
PLX-DOM-015,DOM,Domain model,§32,T,"§32, §44 R5","deletedAt MUST affect visibility only. No process MUST interpret a non-null deletedAt as authority to remove Events, Relationships or version history."
PLX-DOM-020,DOM,Domain model,§33,"I, T","§11, §34","No Object type MUST receive privileged treatment in storage, permission evaluation, event generation, versioning or Context Health computation."
PLX-DOM-021,DOM,Domain model,§33,T,"§33, new","DeskAiConfig.enabled = false MUST disable all AI reasoning for the Desk, including background relationship discovery, embedding generation and Resume summarisation, while leaving deterministic Context Health and Resume assembly operational."
PLX-DOM-022,DOM,Domain model,§33,"T, D","§33, §12",An inferred Objective MUST carry a confidence band and MUST be visually marked as unconfirmed until a user accepts it (PLX-PRD-006).
PLX-DOM-030,DOM,Domain model,§34,"T, I","§20.1, §34","Context Health MUST NOT be stored as a scalar attribute on the Object entity. It MUST be computed or materialised per (user, Object) pair (PLX-UX-020)."
PLX-DOM-031,DOM,Domain model,§34,T,"§16, §34",DeskPresence.effectivePermissions MUST be computed as the most restrictive intersection of the owning Desk permissions and the presenting Desk permissions (PLX-PRD-061).
PLX-DOM-032,DOM,Domain model,§34,"T, A","§34, §64, new",Large Object content MUST be stored out-of-band via contentRef and MUST NOT be embedded in Event payloads. Events MUST reference content by immutable digest.
PLX-DOM-040,DOM,Domain model,§37,T,"§37.4, §7.7",decisionOwner and every Approval.approver MUST be a human principal. An Agent or service principal MUST NOT be recorded as a Decision owner or approver.
PLX-DOM-041,DOM,Domain model,§37,"T, D",§37.4,"aiCommentary MUST be stored and displayed as advisory. It MUST NOT be rendered in a manner that implies it constitutes the Decision, the rationale of record, or an approval."
PLX-DOM-042,DOM,Domain model,§37,T,"§37, §20","Superseding a Decision MUST set supersededById, MUST create a DecisionSuperseded Event, and MUST trigger Context Health re-evaluation for every Object referencing the superseded Decision."
PLX-DOM-043,DOM,Domain model,§37,"T, I","§37.2, new","Rejected alternatives MUST be retained permanently. The record of what was *not* chosen, and why, MUST NOT be pruned by any retention or compression process."
PLX-DOM-050,DOM,Domain model,§40,"T, I","§40, §25","FocusRecord data (which Object, for how long) MUST be classified as presence-class data and MUST be subject to the retention constraints of PLX-UX-072."
PLX-DOM-051,DOM,Domain model,§40,T,"§40, new","Sessions MUST be closed by explicit exit, by timeout, or by recovery on next connection. An unclosed Session MUST NOT block Resume generation."
PLX-ARC-001,ARC,Platform & service architecture,§45,"I, T","§45, §46",Each service MUST own exactly one business capability and MUST own its own datastore. No service MUST read or write another service's datastore directly.
PLX-ARC-002,ARC,Platform & service architecture,§45,"I, A",§46,Inter-service communication MUST occur exclusively through published APIs and Events. Shared-database integration between services MUST NOT be used.
PLX-ARC-010,ARC,Platform & service architecture,§45,"T, A",§45,"Every service MUST be horizontally scalable without coordinated deployment, and MUST tolerate concurrent instances of itself processing the same event stream partition set."
PLX-ARC-020,ARC,Platform & service architecture,§47,"T, I","§47, §73","Every service MUST publish an OpenAPI or equivalent machine-readable contract, and an AsyncAPI or equivalent Event contract, versioned and validated in CI."
PLX-ARC-021,ARC,Platform & service architecture,§47,I,§73,Every service MUST document its failure modes and recovery procedures before production deployment (§73).
PLX-ARC-022,ARC,Platform & service architecture,§47,"T, A","§45, new","No service MUST require synchronous availability of the AI Orchestrator to serve its core capability. Loss of AI availability MUST degrade the platform to deterministic operation, not to unavailability."
PLX-EVT-010,EVT,"Events, event store & contracts",§35,"T, I","§35.4, §49","Events MUST be immutable once written. The Event Store MUST NOT expose update or delete operations for Event records through any interface, including administrative interfaces."
PLX-EVT-011,EVT,"Events, event store & contracts",§35,T,"§35.2, new","Every Event MUST carry correlationId and, where it was caused by another Event or a command, causationId, so that any derived state can be traced to its originating user action."
PLX-EVT-012,EVT,"Events, event store & contracts",§35,T,"§35.2, new","Every Event MUST carry a snapshot of the permissions in effect at emission, so that historical replay evaluates access against the permissions of the time, not of today."
PLX-EVT-013,EVT,"Events, event store & contracts",§35,T,"§35.2, new","Events MUST distinguish occurrence time (timestamp) from ingestion time (recordedAt). Consumers MUST order by sequence within a partition, never by wall-clock timestamp."
PLX-EVT-014,EVT,"Events, event store & contracts",§35,"T, I","§48, new","Event emission and the corresponding state mutation MUST be atomic. Implementations MUST use a transactional outbox or an equivalent mechanism guaranteeing that no state change is committed without its Event, and no Event is published without its state change."
PLX-EVT-015,EVT,"Events, event store & contracts",§35,T,"§48, new",Every Event consumer MUST be idempotent. Consumers MUST tolerate at-least-once delivery and duplicate delivery without producing duplicate derived state.
PLX-EVT-020,EVT,"Events, event store & contracts",§48,"T, A",§48,"Deterministic processing of an Event MUST complete before any AI reasoning is invoked on that Event. AI invocation MUST NOT be a precondition for any Context Health transition, Relationship confirmation or Resume update."
PLX-EVT-021,EVT,"Events, event store & contracts",§48,T,"§48, §45","Failure or unavailability of AI reasoning MUST NOT prevent Event processing, Context Health computation or Resume generation from completing."
PLX-EVT-022,EVT,"Events, event store & contracts",§48,"T, A","§48, new","The Event Bus MUST preserve ordering within a partition. The partition key MUST be deskId for Desk-scoped Events and objectId for Object-scoped Events, so that causally related Events are never reordered relative to one another."
PLX-EVT-023,EVT,"Events, event store & contracts",§48,T,"§48.2, new","Every Event MUST be assigned to exactly one of the categories in §48.2, and the category MUST be carried on the wire."
PLX-EVT-024,EVT,"Events, event store & contracts",§48,T,"§48, new",Consumers MUST handle out-of-order delivery across partitions and MUST NOT assume global total ordering.
PLX-EVT-030,EVT,"Events, event store & contracts",§49,"T, I",§49,"The Event Store MUST be immutable and append-only. No interface, including administrative and database-level access, MUST permit update or deletion of a written Event."
PLX-EVT-031,EVT,"Events, event store & contracts",§49,T,§49,"The Event Store MUST support full and selective replay, reconstructing the state of any Desk at any point in its history."
PLX-EVT-032,EVT,"Events, event store & contracts",§49,"T, I",§49,"The Event Store MUST be time-indexed and tenant-isolated, and MUST be encrypted at rest with tenant-scoped key material."
PLX-EVT-033,EVT,"Events, event store & contracts",§49,T,"§49, new","Replay MUST evaluate access against the permission snapshot carried on each Event (PLX-EVT-012), not against current permissions."
PLX-EVT-034,EVT,"Events, event store & contracts",§49,"T, I","§49, §69.7, new",Personal data within Event payloads MUST be stored under per-subject encryption keys such that destruction of the key renders that data permanently unrecoverable without modifying any Event record.
PLX-EVT-035,EVT,"Events, event store & contracts",§49,"T, I","§49, new","Event schema evolution MUST be supported by an upcasting layer. Readers MUST be able to interpret every schema version ever written. Upcasters MUST be versioned, tested against archived fixtures of each historical schema, and retained indefinitely."
PLX-EVT-036,EVT,"Events, event store & contracts",§49,T,"§49, new","The platform MUST define and enforce a maximum Event payload size, and MUST reject oversized Events rather than truncating them. Large content MUST be referenced by digest (PLX-DOM-032)."
PLX-EVT-040,EVT,"Events, event store & contracts",§64,T,"§64, new",Every Event MUST conform to CloudEvents v1.0.2 structure and MUST carry the Plexi extension attributes of §64.1.
PLX-EVT-041,EVT,"Events, event store & contracts",§64,"T, I",§64.2,Event type names MUST be past tense and MUST carry an explicit version suffix. Command-shaped event names MUST be rejected in CI by a naming lint.
PLX-EVT-042,EVT,"Events, event store & contracts",§64,T,"§64, RFC/CE",Producers MUST guarantee that source + id is unique for each distinct Event.
PLX-EVT-043,EVT,"Events, event store & contracts",§64,"T, I","§64, new","Every Event type MUST have a published JSON Schema at a stable dataschema URI, versioned, and validated in CI against every producer and consumer."
PLX-EVT-044,EVT,"Events, event store & contracts",§64,"I, T","§64, §49",A breaking change to an Event schema MUST be published as a new type version. Existing type versions MUST NOT be redefined.
PLX-EVT-045,EVT,"Events, event store & contracts",§64,T,"§64, §34","Large state payloads MUST be carried as content digests, not inline (PLX-DOM-032)."
PLX-SYN-001,SYN,Synchronisation,§50,"I, T","§50, decision","Collaborative text and rich-text Objects MUST use a CRDT with proven convergence, selected to support offline editing and reconnection without a coordinating server."
PLX-SYN-002,SYN,Synchronisation,§50,A,"§50, new","The chosen CRDT implementation MUST have a defined garbage-collection or compaction strategy for tombstones and history metadata, and its growth characteristics MUST be load-tested against a document with 10⁶ cumulative edits before Phase 1 exit."
PLX-SYN-003,SYN,Synchronisation,§50,T,§50.2,Conflict resolution MUST be deterministic for every data class in §50.2. AI MUST NOT participate in conflict resolution for any class marked deterministic.
PLX-SYN-010,SYN,Synchronisation,§50,T,"§45, §32","Offline clients MUST be able to create Objects and Events with client-generated identifiers and reconcile on reconnection without renumbering, duplication or loss."
PLX-SYN-011,SYN,Synchronisation,§50,T,"§35, new","On reconnection, an offline client's Events MUST be ingested with their original timestamp preserved and a distinct recordedAt, and downstream consumers MUST handle late-arriving Events without corrupting derived state."
PLX-SYN-012,SYN,Synchronisation,§50,"T, D","§50, new","Where an offline edit cannot be merged (a Workflow or Decision class conflict), the platform MUST surface the conflict to the user with both versions intact and MUST NOT silently discard either."
PLX-CTX-001,CTX,Context Engine,§38,T,§38.2,Context Objects MUST be versioned and retained. Superseded Context Objects MUST remain retrievable for audit.
PLX-CTX-002,CTX,Context Engine,§38,T,"§38, §12","Every field in a Context Object derived from inference MUST carry source, confidence and evidence (CognitiveField)."
PLX-CTX-010,CTX,Context Engine,§51,T,"§51, §48","Materiality scoring MUST be deterministic and reproducible. Given identical inputs, it MUST produce an identical score."
PLX-CTX-011,CTX,Context Engine,§51,"T, A","§48, §51",Materiality scoring MUST NOT require an AI model call in its primary path. AI MAY be used to enrich explanation after scoring completes.
PLX-CTX-012,CTX,Context Engine,§51,"T, I","§51, new","Materiality thresholds MUST be tenant-configurable and MUST be recorded on each scoring Event, so that a change in threshold is distinguishable from a change in behaviour when auditing historical decisions."
PLX-CTX-013,CTX,Context Engine,§51,"T, A","§51, §80","The Context Engine MUST bound dependency propagation by configured maximum depth and maximum fan-out. Where a propagation is truncated by either bound, the truncation MUST be recorded and MUST be visible in the resulting attention record."
PLX-CTX-014,CTX,Context Engine,§51,A,"§58, new",Context Health computation MUST meet PLX-PERF-020 for direct impact and PLX-PERF-021 for propagated impact. These are separate budgets and MUST NOT be conflated.
PLX-CTX-020,CTX,Context Engine,§80,T,§80,"Materiality scoring MUST be a pure function of its declared inputs — deterministic, reproducible and free of model invocation (PLX-CTX-010, PLX-CTX-011)."
PLX-CTX-021,CTX,Context Engine,§80,T,"§80, new","The materiality function and its weights MUST be versioned, and the version MUST be recorded on every scoring Event, so that historical scores remain interpretable after the function changes."
PLX-CTX-022,CTX,Context Engine,§80,"T, I","§80, new","Materiality weights MUST be tunable per tenant without code deployment, and every tuning change MUST emit an auditable Event."
PLX-CTX-023,CTX,Context Engine,§80,"A, T",§80,Propagation MUST be incremental. A change MUST NOT trigger recalculation of unaffected graph regions.
PLX-CTX-024,CTX,Context Engine,§80,"T, A","§80, §51","Propagation MUST be bounded by maximum depth and maximum fan-out, both tenant-configurable, and truncation MUST be recorded and visible (PLX-CTX-013)."
PLX-CTX-025,CTX,Context Engine,§80,"A, T","§80, §58",Synchronous propagation MUST be limited to the budget of PLX-PERF-021; propagation beyond that budget MUST continue asynchronously and MUST update Context Health on completion.
PLX-CTX-026,CTX,Context Engine,§80,T,"§80, new",Propagation MUST be cycle-safe. The Relationship graph is not acyclic and propagation MUST terminate on cyclic paths without repeated re-entry.
PLX-CTX-030,CTX,Context Engine,§80,T,§80,"Context freshness MUST be computed per (user, Desk) and MUST decay with elapsed meaningful change, not with elapsed time alone."
PLX-CTX-031,CTX,Context Engine,§80,"I, T","§80, new","Freshness scores MUST NOT be surfaced as a comparative measure between users, and MUST NOT be exportable in a form that supports individual performance ranking."
PLX-RES-001,RES,Resume Engine,§39,"T, D",§39,Resume Objects MUST be versioned and diffable against any prior Resume for the same Desk and user.
PLX-RES-002,RES,Resume Engine,§39,T,"§39, §7.9",Every Resume MUST record the Event identifiers from which it was derived. A Resume assertion not traceable to Events MUST NOT be emitted.
PLX-RES-003,RES,Resume Engine,§39,"T, D","§14, new","estimatedCatchup MUST be expressed as a range with a stated basis, not a bare point value."
PLX-RES-004,RES,Resume Engine,§39,T,"§25.3, new","Where forUserId is null, the Resume MUST be permission-filtered at render time per viewing user; a collaborative Resume MUST NOT be materialised in a form that leaks non-permitted content."
PLX-RES-010,RES,Resume Engine,§52,"A, T",§52.2,Resume generation MUST be incremental. A Resume update MUST NOT require reprocessing the full Event history of a Desk.
PLX-RES-011,RES,Resume Engine,§52,T,"§52, §81",Stages 1–6 of the Resume pipeline MUST be independently testable and MUST produce a complete structured Resume without invoking a model. Stage 7 (AI Summary) MUST be additive prose over that structure.
PLX-RES-012,RES,Resume Engine,§52,"T, A","§52.2, §68","Expensive reasoning outputs MUST be cached and keyed by the structured input digest, so that identical input never incurs repeated model cost."
PLX-RES-013,RES,Resume Engine,§52,T,"§52, §33","Where stage 7 is unavailable or disabled, the Resume MUST still render from the structured output of stages 1–6."
PLX-RES-020,RES,Resume Engine,§81,T,§81,"Each Resume stage MUST be independently testable with recorded fixtures, and stage outputs MUST be inspectable in non-production environments."
PLX-RES-021,RES,Resume Engine,§81,T,"§81, §52",Stages 1–5 and 7 MUST complete without model invocation. A Resume MUST be renderable from these stages alone (PLX-RES-013).
PLX-RES-022,RES,Resume Engine,§81,A,"§81, §14",Catch-up estimation (stage 7) MUST be calibrated against observed reconstruction time (PLX-MET-003) and recalibrated at least quarterly per tenant.
PLX-RES-023,RES,Resume Engine,§81,T,"§81, §23",Noise removal (stage 3) MUST be reversible: removed Events MUST remain reachable through the disclosure path of PLX-UX-051.
PLX-GPH-001,GPH,Knowledge Graph,§36,T,"§36, §44 R3",Every Relationship MUST carry at least one EvidenceRef. A Relationship with an empty evidence set MUST be rejected at write time.
PLX-GPH-002,GPH,Knowledge Graph,§36,T,"§36.3, §15.2","Provisional Relationships MUST NOT contribute to Context Health propagation, Resume content, search ranking or permission evaluation."
PLX-GPH-003,GPH,Knowledge Graph,§36,T,"§36, new","Relationship confidence MUST be recalculated when supporting evidence is superseded or invalidated, and a Relationship whose confidence falls below the tenant threshold MUST revert to provisional."
PLX-GPH-004,GPH,Knowledge Graph,§36,D,"§6.8, §15",Users MUST NOT be required to construct graph structure manually to obtain relationship-derived intelligence. Manual curation MUST be available as confirmation and correction.
PLX-GPH-005,GPH,Knowledge Graph,§36,T,"§36, new",A rejected Relationship MUST be retained with state rejected and MUST NOT be re-proposed on identical evidence.
PLX-GPH-010,GPH,Knowledge Graph,§53,"T, A","§53, §44 R6","Graph traversal MUST be permission-filtered. Traversal MUST NOT cross an edge into a node the requesting principal cannot read, and MUST NOT disclose the existence of such a node through path counts, distances or aggregate results."
PLX-GPH-011,GPH,Knowledge Graph,§53,"I, T","§53, §42",Graph storage MUST be tenant-namespaced at the engine level. Application-level tenant filtering alone MUST NOT be relied upon (PLX-SEC-011).
PLX-GPH-012,GPH,Knowledge Graph,§53,T,"§53, §49",Graph writes MUST be idempotent with respect to Event replay. Replaying an Event MUST NOT duplicate nodes or edges.
PLX-GPH-013,GPH,Knowledge Graph,§53,A,"§53, §58","Community detection, clustering and duplicate detection MUST run asynchronously and MUST NOT be on the synchronous path of any user-facing operation with a latency SLO."
PLX-GPH-020,GPH,Knowledge Graph,§65,"T, I","§65, new",The relationship type vocabulary MUST be a single closed registry (Appendix E). Services MUST NOT introduce edge types outside the registry; extension-defined types MUST be registered before use.
PLX-GPH-021,GPH,Knowledge Graph,§65,T,§65,"Every edge MUST carry a permission scope, and traversal MUST evaluate it (PLX-GPH-010)."
PLX-GPH-022,GPH,Knowledge Graph,§65,T,"§65, new","Node and edge writes MUST carry the correlationId of the originating Event, so that any graph state is traceable to the user action that produced it."
PLX-SCH-001,SCH,Search,§54,"T, A",§54,"Permission filtering MUST be the first stage of the ranking pipeline and MUST be applied at the index or query layer, not as a post-filter over returned results."
PLX-SCH-002,SCH,Search,§54,T,"§54, new","Result counts, pagination totals and relevance scores MUST NOT disclose the existence of non-permitted results."
PLX-SCH-003,SCH,Search,§54,T,"§54, §48","AI re-ranking MUST be the final stage and MUST be optional. Disabling it MUST degrade result ordering, not result correctness or completeness."
PLX-SCH-004,SCH,Search,§54,A,"§58, new","Search MUST meet PLX-PERF-040 with AI re-ranking disabled. AI re-ranking MUST operate within a separate, additive budget and MUST be abandoned rather than exceed it."
PLX-SCH-005,SCH,Search,§54,"T, A","§54, new","Semantic index freshness MUST meet PLX-PERF-041; where an Object's embedding is stale, results MUST still include the Object via keyword and relationship paths."
PLX-AI-001,AI,AI orchestration & governance,§55,"I, T",§55.2,All model invocation MUST occur through a single internal abstraction. No service other than the AI Orchestrator MUST hold a provider SDK dependency or provider credential.
PLX-AI-002,AI,AI orchestration & governance,§55,I,"§55, new","The platform MUST maintain a declared capability matrix per model covering at minimum: tool calling, structured output, context window, prompt caching, streaming, and data-residency eligibility."
PLX-AI-003,AI,AI orchestration & governance,§55,T,"§55, new","Task routing MUST refuse to dispatch a task to a model that does not declare the capabilities the task requires, and MUST emit ReasoningRejected rather than degrade silently."
PLX-AI-004,AI,AI orchestration & governance,§55,"T, A","§55.2, new","Provider substitution MUST be verifiable by an evaluation suite executed against every supported model, with results recorded per release. A provider MUST NOT be declared supported without a passing evaluation run."
PLX-AI-005,AI,AI orchestration & governance,§55,"T, I","§55, §44 R4","AI MUST NOT write domain state directly. All AI-originated changes MUST be proposed as Events subject to the same validation, permission and confirmation rules as human-originated changes."
PLX-AI-006,AI,AI orchestration & governance,§55,"T, A","§67, §69",Prompt assembly MUST enforce permission scoping: no content MUST enter a prompt that the requesting principal is not permitted to read.
PLX-AI-007,AI,AI orchestration & governance,§55,"T, I","§55, §68, §72","Every model invocation MUST be recorded with model identity, version, token counts, cost, latency, cache status and the identity of the requesting principal."
PLX-AI-010,AI,AI orchestration & governance,§67,"T, A","§67, §69",Prompt assembly MUST enforce permission scoping at the retrieval layer (PLX-AI-006). Instructing a model to withhold content MUST NOT be used as an access control.
PLX-AI-011,AI,AI orchestration & governance,§67,T,"§67, §70","Every assembled prompt MUST record the identifiers of every source from which context was drawn, so that a generated output's inputs are auditable."
PLX-AI-012,AI,AI orchestration & governance,§67,"T, A","§67, new","Organisation AI policies MUST be applied before user request content and MUST NOT be overridable by user or Object content. Content-originated instructions MUST NOT alter policy, tool availability or permission scope."
PLX-AI-013,AI,AI orchestration & governance,§67,"T, I","§67, new","Prompt templates MUST be versioned and their versions recorded on each invocation, so that a change in output behaviour is attributable to a change in template, model or data."
PLX-AI-020,AI,AI orchestration & governance,§68,T,"§68, §72","Every AI invocation MUST record token counts, model identity and version, cost, latency and cache status (PLX-AI-007)."
PLX-AI-021,AI,AI orchestration & governance,§68,"T, A","§68, §72",Reasoning outputs MUST be cached keyed by the digest of the structured input. Cache hit rate MUST be reported per prompt type.
PLX-AI-022,AI,AI orchestration & governance,§68,T,§68,Embeddings MUST NOT be regenerated for unchanged content. Embedding generation MUST be keyed by content digest and embedding model version.
PLX-AI-030,AI,AI orchestration & governance,§68,T,"§68, new","Every Organisation and every Desk MUST support a configurable AI cost ceiling. Exceeding a ceiling MUST suspend AI operations for that scope and emit CostCeilingExceeded, and MUST NOT silently substitute a cheaper model or truncate context."
PLX-AI-031,AI,AI orchestration & governance,§68,"A, I","§68, new",The platform MUST report fully loaded AI cost per active user per tenant (PLX-MET-011) and MUST publish a unit-economics model before general availability.
PLX-AI-032,AI,AI orchestration & governance,§68,T,"§68, new","Model selection MUST be recorded per invocation with the routing rationale, so that cost regressions are attributable."
PLX-AI-040,AI,AI orchestration & governance,§70,T,§70,Every AI recommendation MUST be accompanied by retrievable evidence (PLX-PRIN-007).
PLX-AI-041,AI,AI orchestration & governance,§70,"T, D",§70,"AI MUST express uncertainty explicitly and MUST NOT present low-confidence output as assertion (PLX-PRD-022, PLX-PRD-044)."
PLX-AI-042,AI,AI orchestration & governance,§70,"T, A","§70, §44 R4",AI MUST NOT create organisational facts. Any assertion about the organisation MUST be derivable from structured platform data (PLX-INV-04).
PLX-AI-043,AI,AI orchestration & governance,§70,"T, I","§70, §72","Every reasoning request MUST be logged with inputs by reference, model identity, output, cost and requesting principal, retained per tenant policy."
PLX-AI-044,AI,AI orchestration & governance,§70,"T, A","§70, §55",The platform MUST support model replacement without application change (PLX-AI-001–PLX-AI-004).
PLX-AI-045,AI,AI orchestration & governance,§70,I,"§70, new","The platform MUST maintain, per deployed AI capability, a record sufficient to support regulatory obligations applicable in the tenant's jurisdiction, including intended purpose, data sources, evaluation results, human oversight mechanism and logging of operation."
PLX-AI-046,AI,AI orchestration & governance,§70,"T, I","§70, new","Where AI output materially influences a decision affecting an individual's employment, evaluation or access, the platform MUST record the human decision-maker, and MUST NOT permit the AI output to be the sole basis of record."
PLX-AGT-001,AGT,Agents,§41,T,"§41.2, §69","An Agent's effective permissions MUST be a subset of the permissions of the principal on whose behalf it acts. Permission checks MUST be enforced at the data-access layer, not only at the orchestration layer."
PLX-AGT-002,AGT,Agents,§41,T,§41.2,"Every Agent action MUST emit an Event attributed to the Agent, with onBehalfOf populated."
PLX-AGT-003,AGT,Agents,§41,T,"§41.2, §36",Agents MUST NOT create Relationships in confirmed state. Agent-created Relationships MUST be provisional.
PLX-AGT-004,AGT,Agents,§41,"T, A","§41.2, §70",Agents MUST NOT assert organisational facts not derivable from structured platform data. Assertions MUST carry evidence references (PLX-INV-04).
PLX-AGT-005,AGT,Agents,§41,T,"§41, new",Every Agent MUST have exactly one actsOnBehalfOf human principal at any moment. An Agent with no accountable human principal MUST be suspended.
PLX-AGT-006,AGT,Agents,§41,"T, A","§41, §68, new","Agent cost consumption MUST be metered against costCeiling and against the owning Desk's costCeilingPerMonth; exceeding either MUST suspend the Agent and emit an Event, not silently degrade output quality."
PLX-AGT-010,AGT,Agents,§56,T,§56,Inter-agent messages MUST conform to the AgentMessage schema and MUST be validated on both send and receive. Free-text-only inter-agent communication MUST NOT be permitted.
PLX-AGT-011,AGT,Agents,§56,T,"§56, new","Agent replies MUST validate against the expectedOutput schema. A non-conforming reply MUST be rejected and retried or failed, never passed downstream."
PLX-AGT-012,AGT,Agents,§56,"T, I","§56, new","context MUST be passed by reference. Inlining content into inter-agent messages MUST NOT be used, so that permission evaluation occurs at dereference time against the acting principal."
PLX-AGT-013,AGT,Agents,§56,T,§56,Every agent message and reply MUST be recorded in the agent audit stream with full lineage via correlationId and causationId.
PLX-AGT-014,AGT,Agents,§56,T,"§56, new",Agent-to-agent delegation MUST propagate onBehalfOf unchanged and MUST NOT permit permission escalation through delegation depth. Delegation depth MUST be bounded and the bound MUST be enforced.
PLX-AGT-015,AGT,Agents,§56,I,§79,No Agent MUST hold more than one specialisation. An Agent performing unrelated responsibilities MUST be decomposed.
PLX-AGT-020,AGT,Agents,§78,"T, A","§78, §67","Every Agent class MUST declare its permitted tool set, and tool invocation MUST be permission-checked at the tool boundary against the acting principal, not trusted from the model's request."
PLX-AGT-021,AGT,Agents,§78,"T, I","§78, §69","The Research Agent MUST NOT transmit tenant content to external systems unless the Desk's externalDataAllowed is true, and every external transmission MUST be logged with its destination and content digest."
PLX-AGT-022,AGT,Agents,§78,T,"§78, §73","Every Agent MUST have a defined evaluation suite with recorded pass thresholds, executed per release (PLX-ENG-013)."
PLX-AGT-023,AGT,Agents,§78,T,"§41, new","Agent memory scope MUST be enforced at retrieval. An Agent with memoryScope: ""desk"" MUST NOT retrieve content from another Desk, even where the acting principal has permission to it."
PLX-CON-001,CON,Connectors,§57,"T, I",§57,Every Connector MUST declare which capabilities it implements. Consumers MUST query declared capabilities rather than assuming them.
PLX-CON-002,CON,Connectors,§57,"T, A","§57, §69","Connectors MUST map external permissions into the Plexi permission model, and MUST NOT grant a Plexi principal access to external content beyond what the external system grants the linked external principal."
PLX-CON-003,CON,Connectors,§57,"I, T","§57, new","Where a Connector cannot faithfully represent an external system's permission model, it MUST default to the most restrictive interpretation and MUST record the limitation in its capability declaration."
PLX-CON-004,CON,Connectors,§57,"T, I","§57, §69","Connector credentials MUST be stored in a dedicated credential vault, encrypted with tenant-scoped keys, and MUST NOT be readable by any service other than the Connector Service."
PLX-CON-005,CON,Connectors,§57,T,"§57, new",Connector synchronisation MUST be resumable from a durable cursor and MUST be idempotent. Re-running a sync MUST NOT duplicate Objects or Events.
PLX-CON-006,CON,Connectors,§57,T,"§57, §4","Removal of a Connector MUST NOT delete previously imported Objects, Relationships, Events or derived context (PLX-PRIN-002)."
PLX-CON-007,CON,Connectors,§57,"T, D","§57, new","Connectors MUST implement backoff and rate-limit handling for the external system, and MUST surface persistent sync failure as a user-visible state rather than failing silently."
PLX-APP-001,APP,Native applications,§76,I,"§76, §1.3","Every native application build MUST record an ADR answering §76.3, reviewed and approved before implementation begins."
PLX-APP-002,APP,Native applications,§76,"I, T","§77, §83","Every native application MUST understand Desk context, Relationships, Workspace Memory, AI, permissions and Events, and MUST use the same platform interfaces available to marketplace extensions (PLX-EXT-002)."
PLX-APP-010,APP,Native applications,§77,"T, D",§77,"The Canvas MUST persist Object position, size and z-order per (user, Desk, device class) and restore them exactly (PLX-UX-030, PLX-UX-032)."
PLX-APP-011,APP,Native applications,§77,"T, D","§77, §27","The Canvas MUST provide the equivalent linear, screen-reader-navigable representation required by PLX-A11Y-003, developed and released concurrently with the spatial surface."
PLX-APP-012,APP,Native applications,§77,"A, T","§77, new",Canvas rendering MUST virtualise off-viewport Objects so that Desk open latency (PLX-PERF-001) is independent of total Object count.
PLX-APP-020,APP,Native applications,§77,"T, D","§77, §37","The Decision Tracker MUST require a recorded alternative-considered entry, or an explicit statement that none was considered, before a Decision may move to approved."
PLX-APP-030,APP,Native applications,§77,"T, D, I","§77, new","Meeting recording and transcription MUST obtain and record consent from all participants per the applicable jurisdiction, and MUST NOT commence without it."
PLX-APP-031,APP,Native applications,§77,T,"§77, §37",Decisions and actions extracted from a meeting by AI MUST be created as provisional and MUST require human confirmation before entering approved state or generating Relationships.
PLX-APP-040,APP,Native applications,§77,T,"§77, §53","The Relationship Explorer MUST apply permission-filtered traversal (PLX-GPH-010) and MUST NOT reveal node existence, path counts or graph distances involving non-permitted nodes."
PLX-APP-041,APP,Native applications,§77,D,"§77, §36","The Relationship Explorer MUST display, for every edge, its evidence, confidence, discovery method and state (provisional or confirmed)."
PLX-EXT-001,EXT,Marketplace & SDK,§83,"T, I",§83,Extensions MUST execute within a sandbox with an explicitly granted capability set. Capability grants MUST be reviewed by the installing Organisation and MUST be revocable.
PLX-EXT-002,EXT,Marketplace & SDK,§83,"I, T","§83, §77",Extensions MUST use the same public platform interfaces as first-party applications (PLX-APP-002). No private interface MUST exist for first-party use.
PLX-EXT-003,EXT,Marketplace & SDK,§83,T,§83,"Extension actions MUST emit Events attributed to the extension, with onBehalfOf recording the authorising principal."
PLX-EXT-004,EXT,Marketplace & SDK,§83,"T, A","§83, §69","Extensions MUST NOT exceed the permissions of the principal on whose behalf they act, and permission enforcement MUST occur at the data-access layer, not in extension code."
PLX-EXT-005,EXT,Marketplace & SDK,§83,T,"§83, §11","Extension-registered Object types and Relationship types MUST be registered in the platform registries (PLX-PRD-011, PLX-GPH-020) and MUST receive identical platform treatment to built-in types."
PLX-EXT-006,EXT,Marketplace & SDK,§83,"T, I","§83, new",Extensions MUST declare their data egress. An extension that transmits tenant content externally MUST disclose destinations at install time and MUST be blockable by Organisation policy.
PLX-EXT-007,EXT,Marketplace & SDK,§83,T,"§83, §68, new","Extension resource and cost consumption MUST be metered and attributable, and MUST be subject to the Organisation cost ceiling (PLX-AI-030)."
PLX-EXT-010,EXT,Marketplace & SDK,§84,I,§84,The SDK MUST be versioned with a published support and deprecation policy of not less than 12 months (PLX-API-005).
PLX-EXT-011,EXT,Marketplace & SDK,§84,"T, I",§84,The SDK MUST be backward compatible within a major version. Breaking changes MUST require a major version increment.
PLX-EXT-012,EXT,Marketplace & SDK,§84,"T, I","§84, new","Every SDK interface MUST be exercised by at least one first-party application, so that the SDK's capability is continuously proven rather than asserted (PLX-APP-002)."
PLX-DATA-001,DATA,Data architecture,§62,I,"§62, §45",Each store MUST have exactly one owning service. No store MUST be written by more than one service.
PLX-DATA-002,DATA,Data architecture,§62,"T, A","§62, new","Derived stores — graph, vector, search, Context DB, Resume DB — MUST be fully rebuildable from the Event Store. Rebuild MUST be tested at least once per release train."
PLX-DATA-003,DATA,Data architecture,§62,I,"§62, new",Only the Event Store is a system of record for history. Only the Object store is a system of record for current Object content. Every other store MUST be treated as a rebuildable projection.
PLX-DATA-004,DATA,Data architecture,§62,"T, I","§62, §42","Every store MUST enforce tenant isolation at the storage layer (PLX-SEC-010), including graph namespaces and vector-index partitions."
PLX-DATA-005,DATA,Data architecture,§62,"I, D","§62, new","Every store MUST have a documented backup, restore and point-in-time-recovery procedure, and restore MUST be exercised at least quarterly against production-scale data."
PLX-DATA-006,DATA,Data architecture,§62,I,"§62, §69, new","Personal data MUST be catalogued per store, with its lawful basis, retention period and erasure mechanism recorded, before that store enters production."
PLX-DATA-010,DATA,Data architecture,§66,"T, I",§66,"Each memory layer MUST carry an independent, tenant-configurable retention policy, and policy application MUST emit an auditable Event."
PLX-DATA-011,DATA,Data architecture,§66,"T, I","§66, new","AI memory MUST be classified as derived and rebuildable. Loss of AI memory MUST NOT cause loss of Objects, Events, Relationships or Decisions."
PLX-DATA-012,DATA,Data architecture,§66,T,"§66, §37",Retention policies MUST NOT be capable of pruning Decision alternatives (PLX-DOM-043) or Event records (PLX-INV-05).
PLX-API-001,API,API design,§63,"T, I","§63, §29",Every platform capability MUST be reachable through the public API. No capability MUST be exclusive to the first-party interface (PLX-UX-091).
PLX-API-002,API,API design,§63,I,§63.1,API operations MUST be named for business intent. CRUD-shaped generic mutation endpoints MUST NOT be exposed publicly.
PLX-API-003,API,API design,§63,T,§63.3,"Every response MUST carry the envelope of §63.3, including correlationId matching the Events generated by the operation."
PLX-API-004,API,API design,§63,T,"§63.3, new","permissionContext.filtered MUST be set true whenever any result was withheld by permission, without disclosing what or how much was withheld."
PLX-API-005,API,API design,§63,"I, T","§63, §73",APIs MUST be versioned. A breaking change MUST require a new version; prior versions MUST be supported for a published deprecation period of not less than 12 months.
PLX-API-006,API,API design,§63,T,"§63, new",Every mutating operation MUST accept an idempotency key and MUST return the original result on retry with the same key.
PLX-API-007,API,API design,§63,T,"§63, new","Every API MUST enforce per-principal and per-tenant rate limits, and MUST return machine-readable limit state."
PLX-API-008,API,API design,§63,"T, I","§63.2, new","GraphQL query depth and complexity MUST be bounded, and permission filtering MUST be applied at the resolver layer for every field, not only at the query root."
PLX-SEC-010,SEC,Security & privacy,§42,"T, I","§42, §69","Every store — relational, document, event, graph, vector and search — MUST enforce tenant isolation at the storage layer, including namespace or row-level security in the graph and vector stores."
PLX-SEC-011,SEC,Security & privacy,§42,"T, A","§42, new","Cross-Organisation traversal, search or reasoning MUST be impossible by construction. No API, query path, agent tool or administrative interface MUST be capable of returning data from more than one organisationId in a single result."
PLX-SEC-020,SEC,Security & privacy,§69,"T, I",§69,Authorisation MUST be evaluated at the data-access layer of every service. Gateway-level authorisation alone MUST NOT be relied upon.
PLX-SEC-021,SEC,Security & privacy,§69,T,§69,"Every authorisation decision MUST be auditable, recording principal, resource, decision, policy evaluated and timestamp."
PLX-SEC-022,SEC,Security & privacy,§69,T,"§69.3, new","Temporary permissions MUST carry an explicit expiry and MUST be revoked automatically. Permission grants without expiry MUST be an explicit, audited administrative action."
PLX-SEC-023,SEC,Security & privacy,§69,"T, A","§69, new","Permission changes MUST propagate to derived stores — search index, vector index, graph, materialised Context Health — within PLX-PERF-021, and stale permission state MUST fail closed."
PLX-SEC-024,SEC,Security & privacy,§69,"T, I",§69.4,"All secrets MUST be stored in a managed vault with automatic rotation. Secrets MUST NOT appear in configuration files, environment variables in images, logs, Event payloads or prompts."
PLX-SEC-025,SEC,Security & privacy,§69,"T, I","§71, new","Data residency MUST be enforceable per Organisation, including for AI inference. A tenant with an EU residency requirement MUST NOT have content dispatched to a model endpoint outside the permitted region."
PLX-SEC-026,SEC,Security & privacy,§69,"T, I","§69, new","The platform MUST support customer-managed encryption keys for tenants requiring them, with key revocation rendering tenant data inaccessible."
PLX-SEC-027,SEC,Security & privacy,§69,T,"§70, §24","AI-generated content MUST be marked as such in storage and in every export (PLX-UX-062, PLX-DOM-014)."
PLX-SEC-030,SEC,Security & privacy,§69,"T, I","§49, new","The platform MUST implement cryptographic erasure for personal data: per-subject key material, destroyed on valid erasure request, rendering that subject's personal data permanently unrecoverable without modifying any Event record (§44.1)."
PLX-SEC-031,SEC,Security & privacy,§69,"I, A","§69, new","The platform MUST maintain a data inventory identifying every location personal data is stored, including derived stores, caches, prompt logs, embeddings and backups, and MUST ensure erasure reaches all of them."
PLX-SEC-032,SEC,Security & privacy,§69,"D, A","§69, new","Data subject access requests MUST be servicable within the statutory period, including data held in Event history, embeddings and AI memory."
PLX-SEC-033,SEC,Security & privacy,§69,"I, T","§25, new","Presence, focus and dwell telemetry MUST be retained under the presence retention class (PLX-UX-072) and MUST NOT be repurposed for performance management or monitoring without an explicit, separately-consented tenant configuration."
PLX-OPS-001,OPS,Deployment & observability,§71,"T, D",§71,Every service MUST be deployable as a container with no host-specific dependencies and MUST support rolling deployment without downtime.
PLX-OPS-002,OPS,Deployment & observability,§71,I,"§71, §42, new","The tenant isolation model (silo, pool or bridge) MUST be an explicit, recorded per-deployment decision, and the chosen model MUST be documented per store, not only per platform."
PLX-OPS-003,OPS,Deployment & observability,§71,"T, I",§71,"Regional deployment MUST enforce data residency for storage, processing, backups and AI inference (PLX-SEC-025)."
PLX-OPS-004,OPS,Deployment & observability,§71,"T, I","§71, new",Every deployment topology offered commercially MUST be continuously exercised in CI. A topology that is not tested MUST NOT be offered.
PLX-OPS-010,OPS,Deployment & observability,§72,"T, I",§72,"Every service MUST emit metrics, structured logs and distributed traces using OpenTelemetry semantics, with correlationId propagated end to end from user action through every derived effect."
PLX-OPS-011,OPS,Deployment & observability,§72,"I, A","§58, §72","Every target in §58 MUST have a corresponding production SLI, an alert threshold and an error budget."
PLX-OPS-012,OPS,Deployment & observability,§72,T,"§72, §68","AI cost and token usage MUST be observable per tenant, per Desk, per prompt type and per model."
PLX-OPS-013,OPS,Deployment & observability,§72,"T, I","§72, new","Logs MUST NOT contain Object content, personal data or prompt content. Content MUST be referenced by identifier and digest."
PLX-OPS-014,OPS,Deployment & observability,§72,"T, I","§72, new","Event Store lag, derived-store rebuild lag and consumer lag per partition MUST be measured and alerted, as these are the platform's primary silent-failure modes."
PLX-ENG-001,ENG,Engineering standards,§59,"T, I","§59, new",Every invariant in Appendix B MUST have at least one automated detection test that fails if the invariant is violated. Invariants asserted only in documentation MUST NOT be considered enforced.
PLX-ENG-010,ENG,Engineering standards,§73,I,"§60, §75",Every change MUST be evaluated against §6 Philosophy 1: a change that increases functionality while reducing the accuracy or freshness of Context MUST be rejected.
PLX-ENG-011,ENG,Engineering standards,§73,T,§73.2,"Contract tests MUST exist between every producer and consumer of an Event type and every API client and server, and MUST run in CI."
PLX-ENG-012,ENG,Engineering standards,§73,T,"§73.2, §62","Event replay tests MUST verify that replaying a recorded Event stream reproduces identical derived state, and MUST run against every derived store."
PLX-ENG-013,ENG,Engineering standards,§73,T,"§73.2, §55","AI evaluation tests MUST run against every supported model on every release, with recorded pass thresholds per prompt type (PLX-AI-004)."
PLX-ENG-014,ENG,Engineering standards,§73,T,§59,Every invariant in Appendix B MUST have an automated detection test (PLX-ENG-001).
PLX-ENG-015,ENG,Engineering standards,§73,T,"§73.2, new","Chaos testing MUST include AI provider unavailability, Event Bus partition loss, consumer lag and derived-store divergence, verifying PLX-ARC-022 and PLX-EVT-021."
PLX-ENG-016,ENG,Engineering standards,§73,I,§73.3,Every service MUST publish the documentation set of §73.3 before production deployment. Deployment without it MUST be blocked.
PLX-ENG-020,ENG,Engineering standards,§74,I,§74,A feature MUST NOT be marked done with any §74 gate unmet. Exceptions MUST be recorded as accepted risk with a named owner and a remediation date.
PLX-ENG-021,ENG,Engineering standards,§74,"T, I","§74, new",Requirement-to-test traceability MUST be machine-checkable. CI MUST report any PLX-* requirement with no linked verifying test.
PLX-ENG-030,ENG,Engineering standards,§85,I,"§85, new","Every item in §85.2 MUST be resolved, with the resolution recorded as an ADR, before the stated milestone. A milestone MUST NOT be declared complete with an open foreclosing decision."
PLX-PERF-001,PERF,Performance,§58,A,§58,"Desk open — first meaningful paint of Resume Card and layout — p50 600 ms, p95 1.5 s, p99 2.0 s. Measured: Gateway ingress → last byte of initial payload."
PLX-PERF-002,PERF,Performance,§58,A,§58,"Desk open — full Object hydration — p50 1.5 s, p95 3.5 s, p99 5.0 s. Measured: Gateway ingress → all in-viewport Objects interactive."
PLX-PERF-010,PERF,Performance,§58,A,§58,"Object open (in-Desk) — p50 150 ms, p95 400 ms, p99 800 ms. Measured: Gateway ingress → content available."
PLX-PERF-011,PERF,Performance,§58,A,§58,"Resume generation — deterministic stages 1–6 — p50 400 ms, p95 1.2 s, p99 2.0 s. Measured: Trigger Event → structured Resume persisted."
PLX-PERF-012,PERF,Performance,§58,A,§58,"Resume generation — including AI summary (stage 7) — p50 1.5 s, p95 3.5 s, p99 5.0 s. Measured: Trigger Event → Resume Object complete."
PLX-PERF-020,PERF,Performance,§58,A,§58,"Context Health update — direct impact (depth 0–1) — p50 60 ms, p95 180 ms, p99 250 ms. Measured: Event ingestion → health state committed."
PLX-PERF-021,PERF,Performance,§58,A,§58,"Context Health update — propagated impact (depth 2–N, within bound) — p50 120 ms, p95 350 ms, p99 500 ms. Measured: Event ingestion → all in-bound propagation committed."
PLX-PERF-022,PERF,Performance,§58,A,§58,"Graph traversal, permission-filtered, depth ≤ 3 — p50 40 ms, p95 120 ms, p99 250 ms. Measured: Query ingress → result set."
PLX-PERF-030,PERF,Performance,§58,A,§58,"Event ingestion to Event Store durability — p50 15 ms, p95 50 ms, p99 120 ms. Measured: Emission → fsync acknowledged."
PLX-PERF-031,PERF,Performance,§58,A,§58,"Event Store → bus delivery to first subscriber — p50 20 ms, p95 80 ms, p99 200 ms. Measured: Store commit → subscriber receipt."
PLX-PERF-040,PERF,Performance,§58,A,§58,"Search, AI re-ranking disabled — p50 80 ms, p95 200 ms, p99 300 ms. Measured: Query ingress → ranked results."
PLX-PERF-041,PERF,Performance,§58,A,§58,"Semantic index freshness after content-changing Event — p50 2 s, p95 10 s, p99 30 s. Measured: Event → embedding queryable."
PLX-PERF-042,PERF,Performance,§58,A,§58,"Search, including AI re-ranking — p50 400 ms, p95 900 ms, p99 1.5 s. Measured: Query ingress → re-ranked results."
PLX-PERF-050,PERF,Performance,§58,A,§58,"AI recommendation, end to end — p50 2.5 s, p95 6 s, p99 10 s. Measured: Request → recommendation with evidence rendered."
PLX-PERF-060,PERF,Performance,§58,A,§58,"Authorisation decision — p50 3 ms, p95 10 ms, p99 25 ms. Measured: Policy query → decision."
PLX-PERF-070,PERF,Performance,§58,"I, A","§58, new",Every target in §58 MUST be continuously measured in production and alerted on. A target without production instrumentation MUST NOT be claimed as met.
PLX-PERF-071,PERF,Performance,§58,I,"§58, new",Performance targets MUST be re-derived and republished whenever reference load assumptions change by more than one order of magnitude in any dimension.
PLX-PERF-072,PERF,Performance,§58,"T, A","§58, §48, new","Operations with an AI component MUST have a deterministic fallback that meets the corresponding non-AI target, so that AI latency degradation cannot breach a user-facing budget."
PLX-MET-001,MET,Metrics,§8,A,§8,"Resume accuracy — Proportion of Resume assertions the user marks correct when prompted, sampled Baseline: In-product sampling, ≥200 samples/tenant/quarter. Target: ≥90%."
PLX-MET-002,MET,Metrics,§8,A,§8,"Context reconstruction time — Elapsed time from Desk open to first substantive edit or Decision action Baseline: Instrumented, per Desk-visit. Target: ↓ ≥40% vs first-90-day baseline."
PLX-MET-003,MET,Metrics,§8,A,§8,Catch-up estimate calibration — Absolute error between estimated catch-up time and observed reconstruction time Baseline: Paired with PLX-MET-002. Target: ≤±50% at p90.
PLX-MET-004,MET,Metrics,§8,A,§8,"Duplicate work detected — Count of duplicate-candidate Relationships surfaced and confirmed by a user Baseline: Graph telemetry. Target: ↑, reported monthly."
PLX-MET-005,MET,Metrics,§8,A,§8,Decision latency — Elapsed time from Decision Proposed to terminal state Baseline: Decision entity timestamps. Target: ↓ ≥25% vs baseline.
PLX-MET-006,MET,Metrics,§8,A,§8,"Attention precision — Proportion of Attention Required and Decision Risk transitions the user acts on rather than dismisses Baseline: Context Health telemetry. Target: ≥60%, and monotonically non-decreasing per release."
PLX-MET-007,MET,Metrics,§8,A,§8,Search reduction — Searches per active Desk-hour Baseline: Search telemetry. Target: ↓ over tenant lifetime.
PLX-MET-008,MET,Metrics,§8,A,§8,Knowledge reuse — Proportion of new Objects that reference at least one pre-existing Object or Decision Baseline: Graph telemetry. Target: ↑.
PLX-MET-009,MET,Metrics,§8,A,§8,Onboarding time to first contribution — Days from user creation to first authored Object on a Team or Project Desk Baseline: Identity + Object telemetry. Target: ↓.
PLX-MET-010,MET,Metrics,§8,A,§8,"AI recommendation trust — Proportion of AI recommendations accepted, weighted by materiality Baseline: AI Orchestrator telemetry. Target: ↑, with acceptance-vs-outcome correlation tracked."
PLX-MET-011,MET,Metrics,§8,A,§8,"Infrastructure cost per active user — Fully loaded cost including AI inference, per monthly active user, per tenant Baseline: Cost telemetry (§68). Target: ↓ per unit of retained context."
PLX-MET-012,MET,Metrics,§8,"I, T","§8, new",Every metric in §8.1 MUST be instrumented and reported before the capability it measures is declared generally available. A capability MUST NOT reach GA with its success metric uninstrumented.
PLX-MET-013,MET,Metrics,§8,"A, I","§6.7, new",PLX-MET-006 (attention precision) MUST be treated as a release gate. A release that reduces attention precision by more than 5 percentage points MUST NOT ship without explicit product sign-off recorded against the regression.
PLX-MET-020,MET,Metrics,§86,I,"§86, new","Primary metrics MUST take precedence over secondary metrics in product decision-making. Where a change improves a secondary metric while degrading a primary metric, it MUST be rejected or explicitly accepted with recorded rationale."
PLX-MET-021,MET,Metrics,§86,I,"§86, new","""Time in product"" and equivalent engagement-maximising metrics MUST NOT be adopted as success metrics. The platform's stated purpose is to reduce time spent reconstructing context."
